{
  "_format": "hh-sol-cache-2",
  "files": {
    "C:\\Users\\Kushagra Bhardwaj\\Desktop\\CryptoVote\\Hardhat\\contracts\\Voting.sol": {
      "lastModificationDate": 1700315606589,
      "contentHash": "24fcf1ab9f998c6e31260ef4a0d53ee9",
      "sourceName": "contracts/Voting.sol",
      "solcConfig": {
        "version": "0.8.11",
        "settings": {
          "optimizer": {
            "enabled": false,
            "runs": 200
          },
          "outputSelection": {
            "*": {
              "*": [
                "abi",
                "evm.bytecode",
                "evm.deployedBytecode",
                "evm.methodIdentifiers",
                "metadata"
              ],
              "": [
                "ast"
              ]
            }
          }
        }
      },
      "imports": [],
      "versionPragmas": [
        "^0.8.9"
      ],
      "artifacts": [
        "Voting"
      ]
    }
  }
}
